{"cameraMode":{"drawMode":0,"name":"Shaded","section":"Shading Mode"},"sceneLighting":false,"audioPlay":false,"sceneViewState":{"m_AlwaysRefresh":false,"showFog":true,"showSkybox":false,"showFlares":true,"showImageEffects":true,"showParticleSystems":true,"showVisualEffectGraphs":true,"m_FxEnabled":true},"in2DMode":false,"pivot":{"x":1.0194683074951172,"y":0.2163037359714508,"z":0.40818095207214358},"rotation":{"x":-0.041597720235586169,"y":0.18093042075634004,"z":-0.007659629452973604,"w":-0.9825860857963562},"size":0.6866025924682617,"orthographic":false}